model_name,silhouette_score,calinski_harabasz_score,davies_bouldin_score,n_clusters,n_samples,inertia,n_noise,noise_percentage
DBSCAN,0.3461501103028238,123.9935358293625,0.6970413383909045,47,1432,,931.0,39.39906898011003
K-Means,0.2284171566637996,336.44930617154614,1.1778814437122263,9,2363,18741.674657676136,,
Hierarchical,0.17196587351493398,298.2136909700332,1.364448459910857,9,2363,,,
